filename,label
0_spike.npy,0
1_spike.npy,0
2_spike.npy,0
3_spike.npy,0
4_spike.npy,0
5_spike.npy,0
6_spike.npy,0
7_spike.npy,0
8_spike.npy,0
9_spike.npy,0
10_spike.npy,0
11_spike.npy,0
12_spike.npy,0
13_spike.npy,0
14_spike.npy,0
15_spike.npy,0
16_spike.npy,0
17_spike.npy,0
18_spike.npy,0
19_spike.npy,0
20_spike.npy,0
21_spike.npy,0
22_spike.npy,0
23_spike.npy,0
24_spike.npy,0
25_spike.npy,0
26_spike.npy,0
27_spike.npy,0
28_spike.npy,0
29_spike.npy,0
30_spike.npy,0
31_spike.npy,0
32_spike.npy,0
33_spike.npy,0
34_spike.npy,0
35_spike.npy,0
36_spike.npy,0
37_spike.npy,0
38_spike.npy,0
39_spike.npy,0
40_spike.npy,0
41_spike.npy,0
42_spike.npy,0
43_spike.npy,0
44_spike.npy,0
45_spike.npy,0
46_spike.npy,0
47_spike.npy,0
48_spike.npy,0
49_spike.npy,0
50_spike.npy,0
51_spike.npy,0
52_spike.npy,0
53_spike.npy,0
54_spike.npy,0
55_spike.npy,0
56_spike.npy,0
57_spike.npy,0
58_spike.npy,0
59_spike.npy,0
60_spike.npy,0
61_spike.npy,0
62_spike.npy,0
63_spike.npy,0
64_spike.npy,0
65_spike.npy,0
66_spike.npy,0
67_spike.npy,0
68_spike.npy,0
69_spike.npy,0
70_spike.npy,0
71_spike.npy,0
72_spike.npy,0
73_spike.npy,0
74_spike.npy,0
75_spike.npy,0
76_spike.npy,0
77_spike.npy,0
78_spike.npy,0
79_spike.npy,0
80_spike.npy,0
81_spike.npy,0
82_spike.npy,0
83_spike.npy,0
84_spike.npy,0
85_spike.npy,0
86_spike.npy,0
87_spike.npy,0
88_spike.npy,0
89_spike.npy,0
90_spike.npy,0
91_spike.npy,0
92_spike.npy,0
93_spike.npy,0
94_spike.npy,0
95_spike.npy,0
96_spike.npy,0
97_spike.npy,0
98_spike.npy,0
99_spike.npy,0
100_spike.npy,0
101_spike.npy,0
102_spike.npy,0
103_spike.npy,0
104_spike.npy,0
105_spike.npy,0
106_spike.npy,0
107_spike.npy,0
108_spike.npy,0
109_spike.npy,0
110_spike.npy,0
111_spike.npy,0
112_spike.npy,0
113_spike.npy,0
114_spike.npy,0
115_spike.npy,0
116_spike.npy,0
117_spike.npy,0
118_spike.npy,0
119_spike.npy,0
120_spike.npy,0
121_spike.npy,0
122_spike.npy,0
123_spike.npy,0
124_spike.npy,0
125_spike.npy,0
126_spike.npy,0
127_spike.npy,0
128_spike.npy,0
129_spike.npy,0
130_spike.npy,0
131_spike.npy,0
132_spike.npy,0
133_spike.npy,0
134_spike.npy,0
135_spike.npy,0
136_spike.npy,0
137_spike.npy,0
138_spike.npy,0
139_spike.npy,0
140_spike.npy,0
141_spike.npy,0
142_spike.npy,0
143_spike.npy,0
144_spike.npy,0
145_spike.npy,0
146_spike.npy,0
147_spike.npy,0
148_spike.npy,0
149_spike.npy,0
150_spike.npy,0
151_spike.npy,0
152_spike.npy,0
153_spike.npy,0
154_spike.npy,0
155_spike.npy,0
156_spike.npy,0
157_spike.npy,0
158_spike.npy,0
159_spike.npy,0
160_spike.npy,0
161_spike.npy,0
162_spike.npy,0
163_spike.npy,0
164_spike.npy,0
165_spike.npy,0
166_spike.npy,0
167_spike.npy,0
168_spike.npy,0
169_spike.npy,0
170_spike.npy,0
171_spike.npy,0
172_spike.npy,0
173_spike.npy,0
174_spike.npy,0
175_spike.npy,0
176_spike.npy,0
177_spike.npy,0
178_spike.npy,0
179_spike.npy,0
180_spike.npy,0
181_spike.npy,0
182_spike.npy,0
183_spike.npy,0
184_spike.npy,0
185_spike.npy,0
186_spike.npy,0
187_spike.npy,0
188_spike.npy,0
189_spike.npy,0
190_spike.npy,0
191_spike.npy,0
192_spike.npy,0
193_spike.npy,0
194_spike.npy,0
195_spike.npy,0
196_spike.npy,0
197_spike.npy,0
198_spike.npy,0
199_spike.npy,0
200_spike.npy,0
201_spike.npy,0
202_spike.npy,0
203_spike.npy,0
204_spike.npy,0
205_spike.npy,0
206_spike.npy,0
207_spike.npy,0
208_spike.npy,0
209_spike.npy,0
210_spike.npy,0
211_spike.npy,0
212_spike.npy,0
213_spike.npy,0
214_spike.npy,0
215_spike.npy,0
216_spike.npy,0
217_spike.npy,0
218_spike.npy,0
219_spike.npy,0
220_spike.npy,0
221_spike.npy,0
222_spike.npy,0
223_spike.npy,0
224_spike.npy,0
225_spike.npy,0
226_spike.npy,0
227_spike.npy,0
228_spike.npy,0
229_spike.npy,0
230_spike.npy,0
231_spike.npy,0
232_spike.npy,0
233_spike.npy,0
234_spike.npy,0
235_spike.npy,0
236_spike.npy,0
237_spike.npy,0
238_spike.npy,0
239_spike.npy,0
240_spike.npy,0
241_spike.npy,0
242_spike.npy,0
243_spike.npy,0
244_spike.npy,0
245_spike.npy,0
246_spike.npy,0
247_spike.npy,0
248_spike.npy,0
249_spike.npy,0
250_spike.npy,0
251_spike.npy,0
252_spike.npy,0
253_spike.npy,0
254_spike.npy,0
255_spike.npy,0
256_spike.npy,0
257_spike.npy,0
258_spike.npy,0
259_spike.npy,0
260_spike.npy,0
261_spike.npy,0
262_spike.npy,0
263_spike.npy,0
264_spike.npy,0
265_spike.npy,0
266_spike.npy,0
267_spike.npy,0
268_spike.npy,0
269_spike.npy,0
270_spike.npy,0
271_spike.npy,0
272_spike.npy,0
273_spike.npy,0
274_spike.npy,0
275_spike.npy,0
276_spike.npy,0
277_spike.npy,0
278_spike.npy,0
279_spike.npy,0
280_spike.npy,0
281_spike.npy,0
282_spike.npy,0
283_spike.npy,0
284_spike.npy,0
285_spike.npy,0
286_spike.npy,0
287_spike.npy,0
288_spike.npy,0
289_spike.npy,0
290_spike.npy,0
291_spike.npy,0
292_spike.npy,0
293_spike.npy,0
294_spike.npy,0
295_spike.npy,0
296_spike.npy,0
297_spike.npy,0
298_spike.npy,0
299_spike.npy,0
300_spike.npy,1
301_spike.npy,1
302_spike.npy,1
303_spike.npy,1
304_spike.npy,1
305_spike.npy,1
306_spike.npy,1
307_spike.npy,1
308_spike.npy,1
309_spike.npy,1
310_spike.npy,1
311_spike.npy,1
312_spike.npy,1
313_spike.npy,1
314_spike.npy,1
315_spike.npy,1
316_spike.npy,1
317_spike.npy,1
318_spike.npy,1
319_spike.npy,1
320_spike.npy,1
321_spike.npy,1
322_spike.npy,1
323_spike.npy,1
324_spike.npy,1
325_spike.npy,1
326_spike.npy,1
327_spike.npy,1
328_spike.npy,1
329_spike.npy,1
330_spike.npy,1
331_spike.npy,1
332_spike.npy,1
333_spike.npy,1
334_spike.npy,1
335_spike.npy,1
336_spike.npy,1
337_spike.npy,1
338_spike.npy,1
339_spike.npy,1
340_spike.npy,1
341_spike.npy,1
342_spike.npy,1
343_spike.npy,1
344_spike.npy,1
345_spike.npy,1
346_spike.npy,1
347_spike.npy,1
348_spike.npy,1
349_spike.npy,1
350_spike.npy,1
351_spike.npy,1
352_spike.npy,1
353_spike.npy,1
354_spike.npy,1
355_spike.npy,1
356_spike.npy,1
357_spike.npy,1
358_spike.npy,1
359_spike.npy,1
360_spike.npy,1
361_spike.npy,1
362_spike.npy,1
363_spike.npy,1
364_spike.npy,1
365_spike.npy,1
366_spike.npy,1
367_spike.npy,1
368_spike.npy,1
369_spike.npy,1
370_spike.npy,1
371_spike.npy,1
372_spike.npy,1
373_spike.npy,1
374_spike.npy,1
375_spike.npy,1
376_spike.npy,1
377_spike.npy,1
378_spike.npy,1
379_spike.npy,1
380_spike.npy,1
381_spike.npy,1
382_spike.npy,1
383_spike.npy,1
384_spike.npy,1
385_spike.npy,1
386_spike.npy,1
387_spike.npy,1
388_spike.npy,1
389_spike.npy,1
390_spike.npy,1
391_spike.npy,1
392_spike.npy,1
393_spike.npy,1
394_spike.npy,1
395_spike.npy,1
396_spike.npy,1
397_spike.npy,1
398_spike.npy,1
399_spike.npy,1
400_spike.npy,1
401_spike.npy,1
402_spike.npy,1
403_spike.npy,1
404_spike.npy,1
405_spike.npy,1
406_spike.npy,1
407_spike.npy,1
408_spike.npy,1
409_spike.npy,1
410_spike.npy,1
411_spike.npy,1
412_spike.npy,1
413_spike.npy,1
414_spike.npy,1
415_spike.npy,1
416_spike.npy,1
417_spike.npy,1
418_spike.npy,1
419_spike.npy,1
420_spike.npy,1
421_spike.npy,1
422_spike.npy,1
423_spike.npy,1
424_spike.npy,1
425_spike.npy,1
426_spike.npy,1
427_spike.npy,1
428_spike.npy,1
429_spike.npy,1
430_spike.npy,1
431_spike.npy,1
432_spike.npy,1
433_spike.npy,1
434_spike.npy,1
435_spike.npy,1
436_spike.npy,1
437_spike.npy,1
438_spike.npy,1
439_spike.npy,1
440_spike.npy,1
441_spike.npy,1
442_spike.npy,1
443_spike.npy,1
444_spike.npy,1
445_spike.npy,1
446_spike.npy,1
447_spike.npy,1
448_spike.npy,1
449_spike.npy,1
450_spike.npy,1
451_spike.npy,1
452_spike.npy,1
453_spike.npy,1
454_spike.npy,1
455_spike.npy,1
456_spike.npy,1
457_spike.npy,1
458_spike.npy,1
459_spike.npy,1
460_spike.npy,1
461_spike.npy,1
462_spike.npy,1
463_spike.npy,1
464_spike.npy,1
465_spike.npy,1
466_spike.npy,1
467_spike.npy,1
468_spike.npy,1
469_spike.npy,1
470_spike.npy,1
471_spike.npy,1
472_spike.npy,1
473_spike.npy,1
474_spike.npy,1
475_spike.npy,1
476_spike.npy,1
477_spike.npy,1
478_spike.npy,1
479_spike.npy,1
480_spike.npy,1
481_spike.npy,1
482_spike.npy,1
483_spike.npy,1
484_spike.npy,1
485_spike.npy,1
486_spike.npy,1
487_spike.npy,1
488_spike.npy,1
489_spike.npy,1
490_spike.npy,1
491_spike.npy,1
492_spike.npy,1
493_spike.npy,1
494_spike.npy,1
495_spike.npy,1
496_spike.npy,1
497_spike.npy,1
498_spike.npy,1
499_spike.npy,1
500_spike.npy,1
501_spike.npy,1
502_spike.npy,1
503_spike.npy,1
504_spike.npy,1
505_spike.npy,1
506_spike.npy,1
507_spike.npy,1
508_spike.npy,1
509_spike.npy,1
510_spike.npy,1
511_spike.npy,1
512_spike.npy,1
513_spike.npy,1
514_spike.npy,1
515_spike.npy,1
516_spike.npy,1
517_spike.npy,1
518_spike.npy,1
519_spike.npy,1
520_spike.npy,1
521_spike.npy,1
522_spike.npy,1
523_spike.npy,1
524_spike.npy,1
525_spike.npy,1
526_spike.npy,1
527_spike.npy,1
528_spike.npy,1
529_spike.npy,1
530_spike.npy,1
531_spike.npy,1
532_spike.npy,1
533_spike.npy,1
534_spike.npy,1
535_spike.npy,1
536_spike.npy,1
537_spike.npy,1
538_spike.npy,1
539_spike.npy,1
540_spike.npy,1
541_spike.npy,1
542_spike.npy,1
543_spike.npy,1
544_spike.npy,1
545_spike.npy,1
546_spike.npy,1
547_spike.npy,1
548_spike.npy,1
549_spike.npy,1
550_spike.npy,1
551_spike.npy,1
552_spike.npy,1
553_spike.npy,1
554_spike.npy,1
555_spike.npy,1
556_spike.npy,1
557_spike.npy,1
558_spike.npy,1
559_spike.npy,1
560_spike.npy,1
561_spike.npy,1
562_spike.npy,1
563_spike.npy,1
564_spike.npy,1
565_spike.npy,1
566_spike.npy,1
567_spike.npy,1
568_spike.npy,1
569_spike.npy,1
570_spike.npy,1
571_spike.npy,1
572_spike.npy,1
573_spike.npy,1
574_spike.npy,1
575_spike.npy,1
576_spike.npy,1
577_spike.npy,1
578_spike.npy,1
579_spike.npy,1
580_spike.npy,1
581_spike.npy,1
582_spike.npy,1
583_spike.npy,1
584_spike.npy,1
585_spike.npy,1
586_spike.npy,1
587_spike.npy,1
588_spike.npy,1
589_spike.npy,1
590_spike.npy,1
591_spike.npy,1
592_spike.npy,1
593_spike.npy,1
594_spike.npy,1
595_spike.npy,1
596_spike.npy,1
597_spike.npy,1
598_spike.npy,1
599_spike.npy,1
600_spike.npy,2
601_spike.npy,2
602_spike.npy,2
603_spike.npy,2
604_spike.npy,2
605_spike.npy,2
606_spike.npy,2
607_spike.npy,2
608_spike.npy,2
609_spike.npy,2
610_spike.npy,2
611_spike.npy,2
612_spike.npy,2
613_spike.npy,2
614_spike.npy,2
615_spike.npy,2
616_spike.npy,2
617_spike.npy,2
618_spike.npy,2
619_spike.npy,2
620_spike.npy,2
621_spike.npy,2
622_spike.npy,2
623_spike.npy,2
624_spike.npy,2
625_spike.npy,2
626_spike.npy,2
627_spike.npy,2
628_spike.npy,2
629_spike.npy,2
630_spike.npy,2
631_spike.npy,2
632_spike.npy,2
633_spike.npy,2
634_spike.npy,2
635_spike.npy,2
636_spike.npy,2
637_spike.npy,2
638_spike.npy,2
639_spike.npy,2
640_spike.npy,2
641_spike.npy,2
642_spike.npy,2
643_spike.npy,2
644_spike.npy,2
645_spike.npy,2
646_spike.npy,2
647_spike.npy,2
648_spike.npy,2
649_spike.npy,2
650_spike.npy,2
651_spike.npy,2
652_spike.npy,2
653_spike.npy,2
654_spike.npy,2
655_spike.npy,2
656_spike.npy,2
657_spike.npy,2
658_spike.npy,2
659_spike.npy,2
660_spike.npy,2
661_spike.npy,2
662_spike.npy,2
663_spike.npy,2
664_spike.npy,2
665_spike.npy,2
666_spike.npy,2
667_spike.npy,2
668_spike.npy,2
669_spike.npy,2
670_spike.npy,2
671_spike.npy,2
672_spike.npy,2
673_spike.npy,2
674_spike.npy,2
675_spike.npy,2
676_spike.npy,2
677_spike.npy,2
678_spike.npy,2
679_spike.npy,2
680_spike.npy,2
681_spike.npy,2
682_spike.npy,2
683_spike.npy,2
684_spike.npy,2
685_spike.npy,2
686_spike.npy,2
687_spike.npy,2
688_spike.npy,2
689_spike.npy,2
690_spike.npy,2
691_spike.npy,2
692_spike.npy,2
693_spike.npy,2
694_spike.npy,2
695_spike.npy,2
696_spike.npy,2
697_spike.npy,2
698_spike.npy,2
699_spike.npy,2
700_spike.npy,2
701_spike.npy,2
702_spike.npy,2
703_spike.npy,2
704_spike.npy,2
705_spike.npy,2
706_spike.npy,2
707_spike.npy,2
708_spike.npy,2
709_spike.npy,2
710_spike.npy,2
711_spike.npy,2
712_spike.npy,2
713_spike.npy,2
714_spike.npy,2
715_spike.npy,2
716_spike.npy,2
717_spike.npy,2
718_spike.npy,2
719_spike.npy,2
720_spike.npy,2
721_spike.npy,2
722_spike.npy,2
723_spike.npy,2
724_spike.npy,2
725_spike.npy,2
726_spike.npy,2
727_spike.npy,2
728_spike.npy,2
729_spike.npy,2
730_spike.npy,2
731_spike.npy,2
732_spike.npy,2
733_spike.npy,2
734_spike.npy,2
735_spike.npy,2
736_spike.npy,2
737_spike.npy,2
738_spike.npy,2
739_spike.npy,2
740_spike.npy,2
741_spike.npy,2
742_spike.npy,2
743_spike.npy,2
744_spike.npy,2
745_spike.npy,2
746_spike.npy,2
747_spike.npy,2
748_spike.npy,2
749_spike.npy,2
750_spike.npy,2
751_spike.npy,2
752_spike.npy,2
753_spike.npy,2
754_spike.npy,2
755_spike.npy,2
756_spike.npy,2
757_spike.npy,2
758_spike.npy,2
759_spike.npy,2
760_spike.npy,2
761_spike.npy,2
762_spike.npy,2
763_spike.npy,2
764_spike.npy,2
765_spike.npy,2
766_spike.npy,2
767_spike.npy,2
768_spike.npy,2
769_spike.npy,2
770_spike.npy,2
771_spike.npy,2
772_spike.npy,2
773_spike.npy,2
774_spike.npy,2
775_spike.npy,2
776_spike.npy,2
777_spike.npy,2
778_spike.npy,2
779_spike.npy,2
780_spike.npy,2
781_spike.npy,2
782_spike.npy,2
783_spike.npy,2
784_spike.npy,2
785_spike.npy,2
786_spike.npy,2
787_spike.npy,2
788_spike.npy,2
789_spike.npy,2
790_spike.npy,2
791_spike.npy,2
792_spike.npy,2
793_spike.npy,2
794_spike.npy,2
795_spike.npy,2
796_spike.npy,2
797_spike.npy,2
798_spike.npy,2
799_spike.npy,2
800_spike.npy,2
801_spike.npy,2
802_spike.npy,2
803_spike.npy,2
804_spike.npy,2
805_spike.npy,2
806_spike.npy,2
807_spike.npy,2
808_spike.npy,2
809_spike.npy,2
810_spike.npy,2
811_spike.npy,2
812_spike.npy,2
813_spike.npy,2
814_spike.npy,2
815_spike.npy,2
816_spike.npy,2
817_spike.npy,2
818_spike.npy,2
819_spike.npy,2
820_spike.npy,2
821_spike.npy,2
822_spike.npy,2
823_spike.npy,2
824_spike.npy,2
825_spike.npy,2
826_spike.npy,2
827_spike.npy,2
828_spike.npy,2
829_spike.npy,2
830_spike.npy,2
831_spike.npy,2
832_spike.npy,2
833_spike.npy,2
834_spike.npy,2
835_spike.npy,2
836_spike.npy,2
837_spike.npy,2
838_spike.npy,2
839_spike.npy,2
840_spike.npy,2
841_spike.npy,2
842_spike.npy,2
843_spike.npy,2
844_spike.npy,2
845_spike.npy,2
846_spike.npy,2
847_spike.npy,2
848_spike.npy,2
849_spike.npy,2
850_spike.npy,2
851_spike.npy,2
852_spike.npy,2
853_spike.npy,2
854_spike.npy,2
855_spike.npy,2
856_spike.npy,2
857_spike.npy,2
858_spike.npy,2
859_spike.npy,2
860_spike.npy,2
861_spike.npy,2
862_spike.npy,2
863_spike.npy,2
864_spike.npy,2
865_spike.npy,2
866_spike.npy,2
867_spike.npy,2
868_spike.npy,2
869_spike.npy,2
870_spike.npy,2
871_spike.npy,2
872_spike.npy,2
873_spike.npy,2
874_spike.npy,2
875_spike.npy,2
876_spike.npy,2
877_spike.npy,2
878_spike.npy,2
879_spike.npy,2
880_spike.npy,2
881_spike.npy,2
882_spike.npy,2
883_spike.npy,2
884_spike.npy,2
885_spike.npy,2
886_spike.npy,2
887_spike.npy,2
888_spike.npy,2
889_spike.npy,2
890_spike.npy,2
891_spike.npy,2
892_spike.npy,2
893_spike.npy,2
894_spike.npy,2
895_spike.npy,2
896_spike.npy,2
897_spike.npy,2
898_spike.npy,2
899_spike.npy,2
900_spike.npy,3
901_spike.npy,3
902_spike.npy,3
903_spike.npy,3
904_spike.npy,3
905_spike.npy,3
906_spike.npy,3
907_spike.npy,3
908_spike.npy,3
909_spike.npy,3
910_spike.npy,3
911_spike.npy,3
912_spike.npy,3
913_spike.npy,3
914_spike.npy,3
915_spike.npy,3
916_spike.npy,3
917_spike.npy,3
918_spike.npy,3
919_spike.npy,3
920_spike.npy,3
921_spike.npy,3
922_spike.npy,3
923_spike.npy,3
924_spike.npy,3
925_spike.npy,3
926_spike.npy,3
927_spike.npy,3
928_spike.npy,3
929_spike.npy,3
930_spike.npy,3
931_spike.npy,3
932_spike.npy,3
933_spike.npy,3
934_spike.npy,3
935_spike.npy,3
936_spike.npy,3
937_spike.npy,3
938_spike.npy,3
939_spike.npy,3
940_spike.npy,3
941_spike.npy,3
942_spike.npy,3
943_spike.npy,3
944_spike.npy,3
945_spike.npy,3
946_spike.npy,3
947_spike.npy,3
948_spike.npy,3
949_spike.npy,3
950_spike.npy,3
951_spike.npy,3
952_spike.npy,3
953_spike.npy,3
954_spike.npy,3
955_spike.npy,3
956_spike.npy,3
957_spike.npy,3
958_spike.npy,3
959_spike.npy,3
960_spike.npy,3
961_spike.npy,3
962_spike.npy,3
963_spike.npy,3
964_spike.npy,3
965_spike.npy,3
966_spike.npy,3
967_spike.npy,3
968_spike.npy,3
969_spike.npy,3
970_spike.npy,3
971_spike.npy,3
972_spike.npy,3
973_spike.npy,3
974_spike.npy,3
975_spike.npy,3
976_spike.npy,3
977_spike.npy,3
978_spike.npy,3
979_spike.npy,3
980_spike.npy,3
981_spike.npy,3
982_spike.npy,3
983_spike.npy,3
984_spike.npy,3
985_spike.npy,3
986_spike.npy,3
987_spike.npy,3
988_spike.npy,3
989_spike.npy,3
990_spike.npy,3
991_spike.npy,3
992_spike.npy,3
993_spike.npy,3
994_spike.npy,3
995_spike.npy,3
996_spike.npy,3
997_spike.npy,3
998_spike.npy,3
999_spike.npy,3
1000_spike.npy,3
1001_spike.npy,3
1002_spike.npy,3
1003_spike.npy,3
1004_spike.npy,3
1005_spike.npy,3
1006_spike.npy,3
1007_spike.npy,3
1008_spike.npy,3
1009_spike.npy,3
1010_spike.npy,3
1011_spike.npy,3
1012_spike.npy,3
1013_spike.npy,3
1014_spike.npy,3
1015_spike.npy,3
1016_spike.npy,3
1017_spike.npy,3
1018_spike.npy,3
1019_spike.npy,3
1020_spike.npy,3
1021_spike.npy,3
1022_spike.npy,3
1023_spike.npy,3
1024_spike.npy,3
1025_spike.npy,3
1026_spike.npy,3
1027_spike.npy,3
1028_spike.npy,3
1029_spike.npy,3
1030_spike.npy,3
1031_spike.npy,3
1032_spike.npy,3
1033_spike.npy,3
1034_spike.npy,3
1035_spike.npy,3
1036_spike.npy,3
1037_spike.npy,3
1038_spike.npy,3
1039_spike.npy,3
1040_spike.npy,3
1041_spike.npy,3
1042_spike.npy,3
1043_spike.npy,3
1044_spike.npy,3
1045_spike.npy,3
1046_spike.npy,3
1047_spike.npy,3
1048_spike.npy,3
1049_spike.npy,3
1050_spike.npy,3
1051_spike.npy,3
1052_spike.npy,3
1053_spike.npy,3
1054_spike.npy,3
1055_spike.npy,3
1056_spike.npy,3
1057_spike.npy,3
1058_spike.npy,3
1059_spike.npy,3
1060_spike.npy,3
1061_spike.npy,3
1062_spike.npy,3
1063_spike.npy,3
1064_spike.npy,3
1065_spike.npy,3
1066_spike.npy,3
1067_spike.npy,3
1068_spike.npy,3
1069_spike.npy,3
1070_spike.npy,3
1071_spike.npy,3
1072_spike.npy,3
1073_spike.npy,3
1074_spike.npy,3
1075_spike.npy,3
1076_spike.npy,3
1077_spike.npy,3
1078_spike.npy,3
1079_spike.npy,3
1080_spike.npy,3
1081_spike.npy,3
1082_spike.npy,3
1083_spike.npy,3
1084_spike.npy,3
1085_spike.npy,3
1086_spike.npy,3
1087_spike.npy,3
1088_spike.npy,3
1089_spike.npy,3
1090_spike.npy,3
1091_spike.npy,3
1092_spike.npy,3
1093_spike.npy,3
1094_spike.npy,3
1095_spike.npy,3
1096_spike.npy,3
1097_spike.npy,3
1098_spike.npy,3
1099_spike.npy,3
1100_spike.npy,3
1101_spike.npy,3
1102_spike.npy,3
1103_spike.npy,3
1104_spike.npy,3
1105_spike.npy,3
1106_spike.npy,3
1107_spike.npy,3
1108_spike.npy,3
1109_spike.npy,3
1110_spike.npy,3
1111_spike.npy,3
1112_spike.npy,3
1113_spike.npy,3
1114_spike.npy,3
1115_spike.npy,3
1116_spike.npy,3
1117_spike.npy,3
1118_spike.npy,3
1119_spike.npy,3
1120_spike.npy,3
1121_spike.npy,3
1122_spike.npy,3
1123_spike.npy,3
1124_spike.npy,3
1125_spike.npy,3
1126_spike.npy,3
1127_spike.npy,3
1128_spike.npy,3
1129_spike.npy,3
1130_spike.npy,3
1131_spike.npy,3
1132_spike.npy,3
1133_spike.npy,3
1134_spike.npy,3
1135_spike.npy,3
1136_spike.npy,3
1137_spike.npy,3
1138_spike.npy,3
1139_spike.npy,3
1140_spike.npy,3
1141_spike.npy,3
1142_spike.npy,3
1143_spike.npy,3
1144_spike.npy,3
1145_spike.npy,3
1146_spike.npy,3
1147_spike.npy,3
1148_spike.npy,3
1149_spike.npy,3
1150_spike.npy,3
1151_spike.npy,3
1152_spike.npy,3
1153_spike.npy,3
1154_spike.npy,3
1155_spike.npy,3
1156_spike.npy,3
1157_spike.npy,3
1158_spike.npy,3
1159_spike.npy,3
1160_spike.npy,3
1161_spike.npy,3
1162_spike.npy,3
1163_spike.npy,3
1164_spike.npy,3
1165_spike.npy,3
1166_spike.npy,3
1167_spike.npy,3
1168_spike.npy,3
1169_spike.npy,3
1170_spike.npy,3
1171_spike.npy,3
1172_spike.npy,3
1173_spike.npy,3
1174_spike.npy,3
1175_spike.npy,3
1176_spike.npy,3
1177_spike.npy,3
1178_spike.npy,3
1179_spike.npy,3
1180_spike.npy,3
1181_spike.npy,3
1182_spike.npy,3
1183_spike.npy,3
1184_spike.npy,3
1185_spike.npy,3
1186_spike.npy,3
1187_spike.npy,3
1188_spike.npy,3
1189_spike.npy,3
1190_spike.npy,3
1191_spike.npy,3
1192_spike.npy,3
1193_spike.npy,3
1194_spike.npy,3
1195_spike.npy,3
1196_spike.npy,3
1197_spike.npy,3
1198_spike.npy,3
1199_spike.npy,3
1200_spike.npy,4
1201_spike.npy,4
1202_spike.npy,4
1203_spike.npy,4
1204_spike.npy,4
1205_spike.npy,4
1206_spike.npy,4
1207_spike.npy,4
1208_spike.npy,4
1209_spike.npy,4
1210_spike.npy,4
1211_spike.npy,4
1212_spike.npy,4
1213_spike.npy,4
1214_spike.npy,4
1215_spike.npy,4
1216_spike.npy,4
1217_spike.npy,4
1218_spike.npy,4
1219_spike.npy,4
1220_spike.npy,4
1221_spike.npy,4
1222_spike.npy,4
1223_spike.npy,4
1224_spike.npy,4
1225_spike.npy,4
1226_spike.npy,4
1227_spike.npy,4
1228_spike.npy,4
1229_spike.npy,4
1230_spike.npy,4
1231_spike.npy,4
1232_spike.npy,4
1233_spike.npy,4
1234_spike.npy,4
1235_spike.npy,4
1236_spike.npy,4
1237_spike.npy,4
1238_spike.npy,4
1239_spike.npy,4
1240_spike.npy,4
1241_spike.npy,4
1242_spike.npy,4
1243_spike.npy,4
1244_spike.npy,4
1245_spike.npy,4
1246_spike.npy,4
1247_spike.npy,4
1248_spike.npy,4
1249_spike.npy,4
1250_spike.npy,4
1251_spike.npy,4
1252_spike.npy,4
1253_spike.npy,4
1254_spike.npy,4
1255_spike.npy,4
1256_spike.npy,4
1257_spike.npy,4
1258_spike.npy,4
1259_spike.npy,4
1260_spike.npy,4
1261_spike.npy,4
1262_spike.npy,4
1263_spike.npy,4
1264_spike.npy,4
1265_spike.npy,4
1266_spike.npy,4
1267_spike.npy,4
1268_spike.npy,4
1269_spike.npy,4
1270_spike.npy,4
1271_spike.npy,4
1272_spike.npy,4
1273_spike.npy,4
1274_spike.npy,4
1275_spike.npy,4
1276_spike.npy,4
1277_spike.npy,4
1278_spike.npy,4
1279_spike.npy,4
1280_spike.npy,4
1281_spike.npy,4
1282_spike.npy,4
1283_spike.npy,4
1284_spike.npy,4
1285_spike.npy,4
1286_spike.npy,4
1287_spike.npy,4
1288_spike.npy,4
1289_spike.npy,4
1290_spike.npy,4
1291_spike.npy,4
1292_spike.npy,4
1293_spike.npy,4
1294_spike.npy,4
1295_spike.npy,4
1296_spike.npy,4
1297_spike.npy,4
1298_spike.npy,4
1299_spike.npy,4
1300_spike.npy,4
1301_spike.npy,4
1302_spike.npy,4
1303_spike.npy,4
1304_spike.npy,4
1305_spike.npy,4
1306_spike.npy,4
1307_spike.npy,4
1308_spike.npy,4
1309_spike.npy,4
1310_spike.npy,4
1311_spike.npy,4
1312_spike.npy,4
1313_spike.npy,4
1314_spike.npy,4
1315_spike.npy,4
1316_spike.npy,4
1317_spike.npy,4
1318_spike.npy,4
1319_spike.npy,4
1320_spike.npy,4
1321_spike.npy,4
1322_spike.npy,4
1323_spike.npy,4
1324_spike.npy,4
1325_spike.npy,4
1326_spike.npy,4
1327_spike.npy,4
1328_spike.npy,4
1329_spike.npy,4
1330_spike.npy,4
1331_spike.npy,4
1332_spike.npy,4
1333_spike.npy,4
1334_spike.npy,4
1335_spike.npy,4
1336_spike.npy,4
1337_spike.npy,4
1338_spike.npy,4
1339_spike.npy,4
1340_spike.npy,4
1341_spike.npy,4
1342_spike.npy,4
1343_spike.npy,4
1344_spike.npy,4
1345_spike.npy,4
1346_spike.npy,4
1347_spike.npy,4
1348_spike.npy,4
1349_spike.npy,4
1350_spike.npy,4
1351_spike.npy,4
1352_spike.npy,4
1353_spike.npy,4
1354_spike.npy,4
1355_spike.npy,4
1356_spike.npy,4
1357_spike.npy,4
1358_spike.npy,4
1359_spike.npy,4
1360_spike.npy,4
1361_spike.npy,4
1362_spike.npy,4
1363_spike.npy,4
1364_spike.npy,4
1365_spike.npy,4
1366_spike.npy,4
1367_spike.npy,4
1368_spike.npy,4
1369_spike.npy,4
1370_spike.npy,4
1371_spike.npy,4
1372_spike.npy,4
1373_spike.npy,4
1374_spike.npy,4
1375_spike.npy,4
1376_spike.npy,4
1377_spike.npy,4
1378_spike.npy,4
1379_spike.npy,4
1380_spike.npy,4
1381_spike.npy,4
1382_spike.npy,4
1383_spike.npy,4
1384_spike.npy,4
1385_spike.npy,4
1386_spike.npy,4
1387_spike.npy,4
1388_spike.npy,4
1389_spike.npy,4
1390_spike.npy,4
1391_spike.npy,4
1392_spike.npy,4
1393_spike.npy,4
1394_spike.npy,4
1395_spike.npy,4
1396_spike.npy,4
1397_spike.npy,4
1398_spike.npy,4
1399_spike.npy,4
1400_spike.npy,4
1401_spike.npy,4
1402_spike.npy,4
1403_spike.npy,4
1404_spike.npy,4
1405_spike.npy,4
1406_spike.npy,4
1407_spike.npy,4
1408_spike.npy,4
1409_spike.npy,4
1410_spike.npy,4
1411_spike.npy,4
1412_spike.npy,4
1413_spike.npy,4
1414_spike.npy,4
1415_spike.npy,4
1416_spike.npy,4
1417_spike.npy,4
1418_spike.npy,4
1419_spike.npy,4
1420_spike.npy,4
1421_spike.npy,4
1422_spike.npy,4
1423_spike.npy,4
1424_spike.npy,4
1425_spike.npy,4
1426_spike.npy,4
1427_spike.npy,4
1428_spike.npy,4
1429_spike.npy,4
1430_spike.npy,4
1431_spike.npy,4
1432_spike.npy,4
1433_spike.npy,4
1434_spike.npy,4
1435_spike.npy,4
1436_spike.npy,4
1437_spike.npy,4
1438_spike.npy,4
1439_spike.npy,4
1440_spike.npy,4
1441_spike.npy,4
1442_spike.npy,4
1443_spike.npy,4
1444_spike.npy,4
1445_spike.npy,4
1446_spike.npy,4
1447_spike.npy,4
1448_spike.npy,4
1449_spike.npy,4
1450_spike.npy,4
1451_spike.npy,4
1452_spike.npy,4
1453_spike.npy,4
1454_spike.npy,4
1455_spike.npy,4
1456_spike.npy,4
1457_spike.npy,4
1458_spike.npy,4
1459_spike.npy,4
1460_spike.npy,4
1461_spike.npy,4
1462_spike.npy,4
1463_spike.npy,4
1464_spike.npy,4
1465_spike.npy,4
1466_spike.npy,4
1467_spike.npy,4
1468_spike.npy,4
1469_spike.npy,4
1470_spike.npy,4
1471_spike.npy,4
1472_spike.npy,4
1473_spike.npy,4
1474_spike.npy,4
1475_spike.npy,4
1476_spike.npy,4
1477_spike.npy,4
1478_spike.npy,4
1479_spike.npy,4
1480_spike.npy,4
1481_spike.npy,4
1482_spike.npy,4
1483_spike.npy,4
1484_spike.npy,4
1485_spike.npy,4
1486_spike.npy,4
1487_spike.npy,4
1488_spike.npy,4
1489_spike.npy,4
1490_spike.npy,4
1491_spike.npy,4
1492_spike.npy,4
1493_spike.npy,4
1494_spike.npy,4
1495_spike.npy,4
1496_spike.npy,4
1497_spike.npy,4
1498_spike.npy,4
1499_spike.npy,4
1500_spike.npy,5
1501_spike.npy,5
1502_spike.npy,5
1503_spike.npy,5
1504_spike.npy,5
1505_spike.npy,5
1506_spike.npy,5
1507_spike.npy,5
1508_spike.npy,5
1509_spike.npy,5
1510_spike.npy,5
1511_spike.npy,5
1512_spike.npy,5
1513_spike.npy,5
1514_spike.npy,5
1515_spike.npy,5
1516_spike.npy,5
1517_spike.npy,5
1518_spike.npy,5
1519_spike.npy,5
1520_spike.npy,5
1521_spike.npy,5
1522_spike.npy,5
1523_spike.npy,5
1524_spike.npy,5
1525_spike.npy,5
1526_spike.npy,5
1527_spike.npy,5
1528_spike.npy,5
1529_spike.npy,5
1530_spike.npy,5
1531_spike.npy,5
1532_spike.npy,5
1533_spike.npy,5
1534_spike.npy,5
1535_spike.npy,5
1536_spike.npy,5
1537_spike.npy,5
1538_spike.npy,5
1539_spike.npy,5
1540_spike.npy,5
1541_spike.npy,5
1542_spike.npy,5
1543_spike.npy,5
1544_spike.npy,5
1545_spike.npy,5
1546_spike.npy,5
1547_spike.npy,5
1548_spike.npy,5
1549_spike.npy,5
1550_spike.npy,5
1551_spike.npy,5
1552_spike.npy,5
1553_spike.npy,5
1554_spike.npy,5
1555_spike.npy,5
1556_spike.npy,5
1557_spike.npy,5
1558_spike.npy,5
1559_spike.npy,5
1560_spike.npy,5
1561_spike.npy,5
1562_spike.npy,5
1563_spike.npy,5
1564_spike.npy,5
1565_spike.npy,5
1566_spike.npy,5
1567_spike.npy,5
1568_spike.npy,5
1569_spike.npy,5
1570_spike.npy,5
1571_spike.npy,5
1572_spike.npy,5
1573_spike.npy,5
1574_spike.npy,5
1575_spike.npy,5
1576_spike.npy,5
1577_spike.npy,5
1578_spike.npy,5
1579_spike.npy,5
1580_spike.npy,5
1581_spike.npy,5
1582_spike.npy,5
1583_spike.npy,5
1584_spike.npy,5
1585_spike.npy,5
1586_spike.npy,5
1587_spike.npy,5
1588_spike.npy,5
1589_spike.npy,5
1590_spike.npy,5
1591_spike.npy,5
1592_spike.npy,5
1593_spike.npy,5
1594_spike.npy,5
1595_spike.npy,5
1596_spike.npy,5
1597_spike.npy,5
1598_spike.npy,5
1599_spike.npy,5
1600_spike.npy,5
1601_spike.npy,5
1602_spike.npy,5
1603_spike.npy,5
1604_spike.npy,5
1605_spike.npy,5
1606_spike.npy,5
1607_spike.npy,5
1608_spike.npy,5
1609_spike.npy,5
1610_spike.npy,5
1611_spike.npy,5
1612_spike.npy,5
1613_spike.npy,5
1614_spike.npy,5
1615_spike.npy,5
1616_spike.npy,5
1617_spike.npy,5
1618_spike.npy,5
1619_spike.npy,5
1620_spike.npy,5
1621_spike.npy,5
1622_spike.npy,5
1623_spike.npy,5
1624_spike.npy,5
1625_spike.npy,5
1626_spike.npy,5
1627_spike.npy,5
1628_spike.npy,5
1629_spike.npy,5
1630_spike.npy,5
1631_spike.npy,5
1632_spike.npy,5
1633_spike.npy,5
1634_spike.npy,5
1635_spike.npy,5
1636_spike.npy,5
1637_spike.npy,5
1638_spike.npy,5
1639_spike.npy,5
1640_spike.npy,5
1641_spike.npy,5
1642_spike.npy,5
1643_spike.npy,5
1644_spike.npy,5
1645_spike.npy,5
1646_spike.npy,5
1647_spike.npy,5
1648_spike.npy,5
1649_spike.npy,5
1650_spike.npy,5
1651_spike.npy,5
1652_spike.npy,5
1653_spike.npy,5
1654_spike.npy,5
1655_spike.npy,5
1656_spike.npy,5
1657_spike.npy,5
1658_spike.npy,5
1659_spike.npy,5
1660_spike.npy,5
1661_spike.npy,5
1662_spike.npy,5
1663_spike.npy,5
1664_spike.npy,5
1665_spike.npy,5
1666_spike.npy,5
1667_spike.npy,5
1668_spike.npy,5
1669_spike.npy,5
1670_spike.npy,5
1671_spike.npy,5
1672_spike.npy,5
1673_spike.npy,5
1674_spike.npy,5
1675_spike.npy,5
1676_spike.npy,5
1677_spike.npy,5
1678_spike.npy,5
1679_spike.npy,5
1680_spike.npy,5
1681_spike.npy,5
1682_spike.npy,5
1683_spike.npy,5
1684_spike.npy,5
1685_spike.npy,5
1686_spike.npy,5
1687_spike.npy,5
1688_spike.npy,5
1689_spike.npy,5
1690_spike.npy,5
1691_spike.npy,5
1692_spike.npy,5
1693_spike.npy,5
1694_spike.npy,5
1695_spike.npy,5
1696_spike.npy,5
1697_spike.npy,5
1698_spike.npy,5
1699_spike.npy,5
1700_spike.npy,5
1701_spike.npy,5
1702_spike.npy,5
1703_spike.npy,5
1704_spike.npy,5
1705_spike.npy,5
1706_spike.npy,5
1707_spike.npy,5
1708_spike.npy,5
1709_spike.npy,5
1710_spike.npy,5
1711_spike.npy,5
1712_spike.npy,5
1713_spike.npy,5
1714_spike.npy,5
1715_spike.npy,5
1716_spike.npy,5
1717_spike.npy,5
1718_spike.npy,5
1719_spike.npy,5
1720_spike.npy,5
1721_spike.npy,5
1722_spike.npy,5
1723_spike.npy,5
1724_spike.npy,5
1725_spike.npy,5
1726_spike.npy,5
1727_spike.npy,5
1728_spike.npy,5
1729_spike.npy,5
1730_spike.npy,5
1731_spike.npy,5
1732_spike.npy,5
1733_spike.npy,5
1734_spike.npy,5
1735_spike.npy,5
1736_spike.npy,5
1737_spike.npy,5
1738_spike.npy,5
1739_spike.npy,5
1740_spike.npy,5
1741_spike.npy,5
1742_spike.npy,5
1743_spike.npy,5
1744_spike.npy,5
1745_spike.npy,5
1746_spike.npy,5
1747_spike.npy,5
1748_spike.npy,5
1749_spike.npy,5
1750_spike.npy,5
1751_spike.npy,5
1752_spike.npy,5
1753_spike.npy,5
1754_spike.npy,5
1755_spike.npy,5
1756_spike.npy,5
1757_spike.npy,5
1758_spike.npy,5
1759_spike.npy,5
1760_spike.npy,5
1761_spike.npy,5
1762_spike.npy,5
1763_spike.npy,5
1764_spike.npy,5
1765_spike.npy,5
1766_spike.npy,5
1767_spike.npy,5
1768_spike.npy,5
1769_spike.npy,5
1770_spike.npy,5
1771_spike.npy,5
1772_spike.npy,5
1773_spike.npy,5
1774_spike.npy,5
1775_spike.npy,5
1776_spike.npy,5
1777_spike.npy,5
1778_spike.npy,5
1779_spike.npy,5
1780_spike.npy,5
1781_spike.npy,5
1782_spike.npy,5
1783_spike.npy,5
1784_spike.npy,5
1785_spike.npy,5
1786_spike.npy,5
1787_spike.npy,5
1788_spike.npy,5
1789_spike.npy,5
1790_spike.npy,5
1791_spike.npy,5
1792_spike.npy,5
1793_spike.npy,5
1794_spike.npy,5
1795_spike.npy,5
1796_spike.npy,5
1797_spike.npy,5
1798_spike.npy,5
1799_spike.npy,5
1800_spike.npy,6
1801_spike.npy,6
1802_spike.npy,6
1803_spike.npy,6
1804_spike.npy,6
1805_spike.npy,6
1806_spike.npy,6
1807_spike.npy,6
1808_spike.npy,6
1809_spike.npy,6
1810_spike.npy,6
1811_spike.npy,6
1812_spike.npy,6
1813_spike.npy,6
1814_spike.npy,6
1815_spike.npy,6
1816_spike.npy,6
1817_spike.npy,6
1818_spike.npy,6
1819_spike.npy,6
1820_spike.npy,6
1821_spike.npy,6
1822_spike.npy,6
1823_spike.npy,6
1824_spike.npy,6
1825_spike.npy,6
1826_spike.npy,6
1827_spike.npy,6
1828_spike.npy,6
1829_spike.npy,6
1830_spike.npy,6
1831_spike.npy,6
1832_spike.npy,6
1833_spike.npy,6
1834_spike.npy,6
1835_spike.npy,6
1836_spike.npy,6
1837_spike.npy,6
1838_spike.npy,6
1839_spike.npy,6
1840_spike.npy,6
1841_spike.npy,6
1842_spike.npy,6
1843_spike.npy,6
1844_spike.npy,6
1845_spike.npy,6
1846_spike.npy,6
1847_spike.npy,6
1848_spike.npy,6
1849_spike.npy,6
1850_spike.npy,6
1851_spike.npy,6
1852_spike.npy,6
1853_spike.npy,6
1854_spike.npy,6
1855_spike.npy,6
1856_spike.npy,6
1857_spike.npy,6
1858_spike.npy,6
1859_spike.npy,6
1860_spike.npy,6
1861_spike.npy,6
1862_spike.npy,6
1863_spike.npy,6
1864_spike.npy,6
1865_spike.npy,6
1866_spike.npy,6
1867_spike.npy,6
1868_spike.npy,6
1869_spike.npy,6
1870_spike.npy,6
1871_spike.npy,6
1872_spike.npy,6
1873_spike.npy,6
1874_spike.npy,6
1875_spike.npy,6
1876_spike.npy,6
1877_spike.npy,6
1878_spike.npy,6
1879_spike.npy,6
1880_spike.npy,6
1881_spike.npy,6
1882_spike.npy,6
1883_spike.npy,6
1884_spike.npy,6
1885_spike.npy,6
1886_spike.npy,6
1887_spike.npy,6
1888_spike.npy,6
1889_spike.npy,6
1890_spike.npy,6
1891_spike.npy,6
1892_spike.npy,6
1893_spike.npy,6
1894_spike.npy,6
1895_spike.npy,6
1896_spike.npy,6
1897_spike.npy,6
1898_spike.npy,6
1899_spike.npy,6
1900_spike.npy,6
1901_spike.npy,6
1902_spike.npy,6
1903_spike.npy,6
1904_spike.npy,6
1905_spike.npy,6
1906_spike.npy,6
1907_spike.npy,6
1908_spike.npy,6
1909_spike.npy,6
1910_spike.npy,6
1911_spike.npy,6
1912_spike.npy,6
1913_spike.npy,6
1914_spike.npy,6
1915_spike.npy,6
1916_spike.npy,6
1917_spike.npy,6
1918_spike.npy,6
1919_spike.npy,6
1920_spike.npy,6
1921_spike.npy,6
1922_spike.npy,6
1923_spike.npy,6
1924_spike.npy,6
1925_spike.npy,6
1926_spike.npy,6
1927_spike.npy,6
1928_spike.npy,6
1929_spike.npy,6
1930_spike.npy,6
1931_spike.npy,6
1932_spike.npy,6
1933_spike.npy,6
1934_spike.npy,6
1935_spike.npy,6
1936_spike.npy,6
1937_spike.npy,6
1938_spike.npy,6
1939_spike.npy,6
1940_spike.npy,6
1941_spike.npy,6
1942_spike.npy,6
1943_spike.npy,6
1944_spike.npy,6
1945_spike.npy,6
1946_spike.npy,6
1947_spike.npy,6
1948_spike.npy,6
1949_spike.npy,6
1950_spike.npy,6
1951_spike.npy,6
1952_spike.npy,6
1953_spike.npy,6
1954_spike.npy,6
1955_spike.npy,6
1956_spike.npy,6
1957_spike.npy,6
1958_spike.npy,6
1959_spike.npy,6
1960_spike.npy,6
1961_spike.npy,6
1962_spike.npy,6
1963_spike.npy,6
1964_spike.npy,6
1965_spike.npy,6
1966_spike.npy,6
1967_spike.npy,6
1968_spike.npy,6
1969_spike.npy,6
1970_spike.npy,6
1971_spike.npy,6
1972_spike.npy,6
1973_spike.npy,6
1974_spike.npy,6
1975_spike.npy,6
1976_spike.npy,6
1977_spike.npy,6
1978_spike.npy,6
1979_spike.npy,6
1980_spike.npy,6
1981_spike.npy,6
1982_spike.npy,6
1983_spike.npy,6
1984_spike.npy,6
1985_spike.npy,6
1986_spike.npy,6
1987_spike.npy,6
1988_spike.npy,6
1989_spike.npy,6
1990_spike.npy,6
1991_spike.npy,6
1992_spike.npy,6
1993_spike.npy,6
1994_spike.npy,6
1995_spike.npy,6
1996_spike.npy,6
1997_spike.npy,6
1998_spike.npy,6
1999_spike.npy,6
2000_spike.npy,6
2001_spike.npy,6
2002_spike.npy,6
2003_spike.npy,6
2004_spike.npy,6
2005_spike.npy,6
2006_spike.npy,6
2007_spike.npy,6
2008_spike.npy,6
2009_spike.npy,6
2010_spike.npy,6
2011_spike.npy,6
2012_spike.npy,6
2013_spike.npy,6
2014_spike.npy,6
2015_spike.npy,6
2016_spike.npy,6
2017_spike.npy,6
2018_spike.npy,6
2019_spike.npy,6
2020_spike.npy,6
2021_spike.npy,6
2022_spike.npy,6
2023_spike.npy,6
2024_spike.npy,6
2025_spike.npy,6
2026_spike.npy,6
2027_spike.npy,6
2028_spike.npy,6
2029_spike.npy,6
2030_spike.npy,6
2031_spike.npy,6
2032_spike.npy,6
2033_spike.npy,6
2034_spike.npy,6
2035_spike.npy,6
2036_spike.npy,6
2037_spike.npy,6
2038_spike.npy,6
2039_spike.npy,6
2040_spike.npy,6
2041_spike.npy,6
2042_spike.npy,6
2043_spike.npy,6
2044_spike.npy,6
2045_spike.npy,6
2046_spike.npy,6
2047_spike.npy,6
2048_spike.npy,6
2049_spike.npy,6
2050_spike.npy,6
2051_spike.npy,6
2052_spike.npy,6
2053_spike.npy,6
2054_spike.npy,6
2055_spike.npy,6
2056_spike.npy,6
2057_spike.npy,6
2058_spike.npy,6
2059_spike.npy,6
2060_spike.npy,6
2061_spike.npy,6
2062_spike.npy,6
2063_spike.npy,6
2064_spike.npy,6
2065_spike.npy,6
2066_spike.npy,6
2067_spike.npy,6
2068_spike.npy,6
2069_spike.npy,6
2070_spike.npy,6
2071_spike.npy,6
2072_spike.npy,6
2073_spike.npy,6
2074_spike.npy,6
2075_spike.npy,6
2076_spike.npy,6
2077_spike.npy,6
2078_spike.npy,6
2079_spike.npy,6
2080_spike.npy,6
2081_spike.npy,6
2082_spike.npy,6
2083_spike.npy,6
2084_spike.npy,6
2085_spike.npy,6
2086_spike.npy,6
2087_spike.npy,6
2088_spike.npy,6
2089_spike.npy,6
2090_spike.npy,6
2091_spike.npy,6
2092_spike.npy,6
2093_spike.npy,6
2094_spike.npy,6
2095_spike.npy,6
2096_spike.npy,6
2097_spike.npy,6
2098_spike.npy,6
2099_spike.npy,6
2100_spike.npy,7
2101_spike.npy,7
2102_spike.npy,7
2103_spike.npy,7
2104_spike.npy,7
2105_spike.npy,7
2106_spike.npy,7
2107_spike.npy,7
2108_spike.npy,7
2109_spike.npy,7
2110_spike.npy,7
2111_spike.npy,7
2112_spike.npy,7
2113_spike.npy,7
2114_spike.npy,7
2115_spike.npy,7
2116_spike.npy,7
2117_spike.npy,7
2118_spike.npy,7
2119_spike.npy,7
2120_spike.npy,7
2121_spike.npy,7
2122_spike.npy,7
2123_spike.npy,7
2124_spike.npy,7
2125_spike.npy,7
2126_spike.npy,7
2127_spike.npy,7
2128_spike.npy,7
2129_spike.npy,7
2130_spike.npy,7
2131_spike.npy,7
2132_spike.npy,7
2133_spike.npy,7
2134_spike.npy,7
2135_spike.npy,7
2136_spike.npy,7
2137_spike.npy,7
2138_spike.npy,7
2139_spike.npy,7
2140_spike.npy,7
2141_spike.npy,7
2142_spike.npy,7
2143_spike.npy,7
2144_spike.npy,7
2145_spike.npy,7
2146_spike.npy,7
2147_spike.npy,7
2148_spike.npy,7
2149_spike.npy,7
2150_spike.npy,7
2151_spike.npy,7
2152_spike.npy,7
2153_spike.npy,7
2154_spike.npy,7
2155_spike.npy,7
2156_spike.npy,7
2157_spike.npy,7
2158_spike.npy,7
2159_spike.npy,7
2160_spike.npy,7
2161_spike.npy,7
2162_spike.npy,7
2163_spike.npy,7
2164_spike.npy,7
2165_spike.npy,7
2166_spike.npy,7
2167_spike.npy,7
2168_spike.npy,7
2169_spike.npy,7
2170_spike.npy,7
2171_spike.npy,7
2172_spike.npy,7
2173_spike.npy,7
2174_spike.npy,7
2175_spike.npy,7
2176_spike.npy,7
2177_spike.npy,7
2178_spike.npy,7
2179_spike.npy,7
2180_spike.npy,7
2181_spike.npy,7
2182_spike.npy,7
2183_spike.npy,7
2184_spike.npy,7
2185_spike.npy,7
2186_spike.npy,7
2187_spike.npy,7
2188_spike.npy,7
2189_spike.npy,7
2190_spike.npy,7
2191_spike.npy,7
2192_spike.npy,7
2193_spike.npy,7
2194_spike.npy,7
2195_spike.npy,7
2196_spike.npy,7
2197_spike.npy,7
2198_spike.npy,7
2199_spike.npy,7
2200_spike.npy,7
2201_spike.npy,7
2202_spike.npy,7
2203_spike.npy,7
2204_spike.npy,7
2205_spike.npy,7
2206_spike.npy,7
2207_spike.npy,7
2208_spike.npy,7
2209_spike.npy,7
2210_spike.npy,7
2211_spike.npy,7
2212_spike.npy,7
2213_spike.npy,7
2214_spike.npy,7
2215_spike.npy,7
2216_spike.npy,7
2217_spike.npy,7
2218_spike.npy,7
2219_spike.npy,7
2220_spike.npy,7
2221_spike.npy,7
2222_spike.npy,7
2223_spike.npy,7
2224_spike.npy,7
2225_spike.npy,7
2226_spike.npy,7
2227_spike.npy,7
2228_spike.npy,7
2229_spike.npy,7
2230_spike.npy,7
2231_spike.npy,7
2232_spike.npy,7
2233_spike.npy,7
2234_spike.npy,7
2235_spike.npy,7
2236_spike.npy,7
2237_spike.npy,7
2238_spike.npy,7
2239_spike.npy,7
2240_spike.npy,7
2241_spike.npy,7
2242_spike.npy,7
2243_spike.npy,7
2244_spike.npy,7
2245_spike.npy,7
2246_spike.npy,7
2247_spike.npy,7
2248_spike.npy,7
2249_spike.npy,7
2250_spike.npy,7
2251_spike.npy,7
2252_spike.npy,7
2253_spike.npy,7
2254_spike.npy,7
2255_spike.npy,7
2256_spike.npy,7
2257_spike.npy,7
2258_spike.npy,7
2259_spike.npy,7
2260_spike.npy,7
2261_spike.npy,7
2262_spike.npy,7
2263_spike.npy,7
2264_spike.npy,7
2265_spike.npy,7
2266_spike.npy,7
2267_spike.npy,7
2268_spike.npy,7
2269_spike.npy,7
2270_spike.npy,7
2271_spike.npy,7
2272_spike.npy,7
2273_spike.npy,7
2274_spike.npy,7
2275_spike.npy,7
2276_spike.npy,7
2277_spike.npy,7
2278_spike.npy,7
2279_spike.npy,7
2280_spike.npy,7
2281_spike.npy,7
2282_spike.npy,7
2283_spike.npy,7
2284_spike.npy,7
2285_spike.npy,7
2286_spike.npy,7
2287_spike.npy,7
2288_spike.npy,7
2289_spike.npy,7
2290_spike.npy,7
2291_spike.npy,7
2292_spike.npy,7
2293_spike.npy,7
2294_spike.npy,7
2295_spike.npy,7
2296_spike.npy,7
2297_spike.npy,7
2298_spike.npy,7
2299_spike.npy,7
2300_spike.npy,7
2301_spike.npy,7
2302_spike.npy,7
2303_spike.npy,7
2304_spike.npy,7
2305_spike.npy,7
2306_spike.npy,7
2307_spike.npy,7
2308_spike.npy,7
2309_spike.npy,7
2310_spike.npy,7
2311_spike.npy,7
2312_spike.npy,7
2313_spike.npy,7
2314_spike.npy,7
2315_spike.npy,7
2316_spike.npy,7
2317_spike.npy,7
2318_spike.npy,7
2319_spike.npy,7
2320_spike.npy,7
2321_spike.npy,7
2322_spike.npy,7
2323_spike.npy,7
2324_spike.npy,7
2325_spike.npy,7
2326_spike.npy,7
2327_spike.npy,7
2328_spike.npy,7
2329_spike.npy,7
2330_spike.npy,7
2331_spike.npy,7
2332_spike.npy,7
2333_spike.npy,7
2334_spike.npy,7
2335_spike.npy,7
2336_spike.npy,7
2337_spike.npy,7
2338_spike.npy,7
2339_spike.npy,7
2340_spike.npy,7
2341_spike.npy,7
2342_spike.npy,7
2343_spike.npy,7
2344_spike.npy,7
2345_spike.npy,7
2346_spike.npy,7
2347_spike.npy,7
2348_spike.npy,7
2349_spike.npy,7
2350_spike.npy,7
2351_spike.npy,7
2352_spike.npy,7
2353_spike.npy,7
2354_spike.npy,7
2355_spike.npy,7
2356_spike.npy,7
2357_spike.npy,7
2358_spike.npy,7
2359_spike.npy,7
2360_spike.npy,7
2361_spike.npy,7
2362_spike.npy,7
2363_spike.npy,7
2364_spike.npy,7
2365_spike.npy,7
2366_spike.npy,7
2367_spike.npy,7
2368_spike.npy,7
2369_spike.npy,7
2370_spike.npy,7
2371_spike.npy,7
2372_spike.npy,7
2373_spike.npy,7
2374_spike.npy,7
2375_spike.npy,7
2376_spike.npy,7
2377_spike.npy,7
2378_spike.npy,7
2379_spike.npy,7
2380_spike.npy,7
2381_spike.npy,7
2382_spike.npy,7
2383_spike.npy,7
2384_spike.npy,7
2385_spike.npy,7
2386_spike.npy,7
2387_spike.npy,7
2388_spike.npy,7
2389_spike.npy,7
2390_spike.npy,7
2391_spike.npy,7
2392_spike.npy,7
2393_spike.npy,7
2394_spike.npy,7
2395_spike.npy,7
2396_spike.npy,7
2397_spike.npy,7
2398_spike.npy,7
2399_spike.npy,7
2400_spike.npy,8
2401_spike.npy,8
2402_spike.npy,8
2403_spike.npy,8
2404_spike.npy,8
2405_spike.npy,8
2406_spike.npy,8
2407_spike.npy,8
2408_spike.npy,8
2409_spike.npy,8
2410_spike.npy,8
2411_spike.npy,8
2412_spike.npy,8
2413_spike.npy,8
2414_spike.npy,8
2415_spike.npy,8
2416_spike.npy,8
2417_spike.npy,8
2418_spike.npy,8
2419_spike.npy,8
2420_spike.npy,8
2421_spike.npy,8
2422_spike.npy,8
2423_spike.npy,8
2424_spike.npy,8
2425_spike.npy,8
2426_spike.npy,8
2427_spike.npy,8
2428_spike.npy,8
2429_spike.npy,8
2430_spike.npy,8
2431_spike.npy,8
2432_spike.npy,8
2433_spike.npy,8
2434_spike.npy,8
2435_spike.npy,8
2436_spike.npy,8
2437_spike.npy,8
2438_spike.npy,8
2439_spike.npy,8
2440_spike.npy,8
2441_spike.npy,8
2442_spike.npy,8
2443_spike.npy,8
2444_spike.npy,8
2445_spike.npy,8
2446_spike.npy,8
2447_spike.npy,8
2448_spike.npy,8
2449_spike.npy,8
2450_spike.npy,8
2451_spike.npy,8
2452_spike.npy,8
2453_spike.npy,8
2454_spike.npy,8
2455_spike.npy,8
2456_spike.npy,8
2457_spike.npy,8
2458_spike.npy,8
2459_spike.npy,8
2460_spike.npy,8
2461_spike.npy,8
2462_spike.npy,8
2463_spike.npy,8
2464_spike.npy,8
2465_spike.npy,8
2466_spike.npy,8
2467_spike.npy,8
2468_spike.npy,8
2469_spike.npy,8
2470_spike.npy,8
2471_spike.npy,8
2472_spike.npy,8
2473_spike.npy,8
2474_spike.npy,8
2475_spike.npy,8
2476_spike.npy,8
2477_spike.npy,8
2478_spike.npy,8
2479_spike.npy,8
2480_spike.npy,8
2481_spike.npy,8
2482_spike.npy,8
2483_spike.npy,8
2484_spike.npy,8
2485_spike.npy,8
2486_spike.npy,8
2487_spike.npy,8
2488_spike.npy,8
2489_spike.npy,8
2490_spike.npy,8
2491_spike.npy,8
2492_spike.npy,8
2493_spike.npy,8
2494_spike.npy,8
2495_spike.npy,8
2496_spike.npy,8
2497_spike.npy,8
2498_spike.npy,8
2499_spike.npy,8
2500_spike.npy,8
2501_spike.npy,8
2502_spike.npy,8
2503_spike.npy,8
2504_spike.npy,8
2505_spike.npy,8
2506_spike.npy,8
2507_spike.npy,8
2508_spike.npy,8
2509_spike.npy,8
2510_spike.npy,8
2511_spike.npy,8
2512_spike.npy,8
2513_spike.npy,8
2514_spike.npy,8
2515_spike.npy,8
2516_spike.npy,8
2517_spike.npy,8
2518_spike.npy,8
2519_spike.npy,8
2520_spike.npy,8
2521_spike.npy,8
2522_spike.npy,8
2523_spike.npy,8
2524_spike.npy,8
2525_spike.npy,8
2526_spike.npy,8
2527_spike.npy,8
2528_spike.npy,8
2529_spike.npy,8
2530_spike.npy,8
2531_spike.npy,8
2532_spike.npy,8
2533_spike.npy,8
2534_spike.npy,8
2535_spike.npy,8
2536_spike.npy,8
2537_spike.npy,8
2538_spike.npy,8
2539_spike.npy,8
2540_spike.npy,8
2541_spike.npy,8
2542_spike.npy,8
2543_spike.npy,8
2544_spike.npy,8
2545_spike.npy,8
2546_spike.npy,8
2547_spike.npy,8
2548_spike.npy,8
2549_spike.npy,8
2550_spike.npy,8
2551_spike.npy,8
2552_spike.npy,8
2553_spike.npy,8
2554_spike.npy,8
2555_spike.npy,8
2556_spike.npy,8
2557_spike.npy,8
2558_spike.npy,8
2559_spike.npy,8
2560_spike.npy,8
2561_spike.npy,8
2562_spike.npy,8
2563_spike.npy,8
2564_spike.npy,8
2565_spike.npy,8
2566_spike.npy,8
2567_spike.npy,8
2568_spike.npy,8
2569_spike.npy,8
2570_spike.npy,8
2571_spike.npy,8
2572_spike.npy,8
2573_spike.npy,8
2574_spike.npy,8
2575_spike.npy,8
2576_spike.npy,8
2577_spike.npy,8
2578_spike.npy,8
2579_spike.npy,8
2580_spike.npy,8
2581_spike.npy,8
2582_spike.npy,8
2583_spike.npy,8
2584_spike.npy,8
2585_spike.npy,8
2586_spike.npy,8
2587_spike.npy,8
2588_spike.npy,8
2589_spike.npy,8
2590_spike.npy,8
2591_spike.npy,8
2592_spike.npy,8
2593_spike.npy,8
2594_spike.npy,8
2595_spike.npy,8
2596_spike.npy,8
2597_spike.npy,8
2598_spike.npy,8
2599_spike.npy,8
2600_spike.npy,8
2601_spike.npy,8
2602_spike.npy,8
2603_spike.npy,8
2604_spike.npy,8
2605_spike.npy,8
2606_spike.npy,8
2607_spike.npy,8
2608_spike.npy,8
2609_spike.npy,8
2610_spike.npy,8
2611_spike.npy,8
2612_spike.npy,8
2613_spike.npy,8
2614_spike.npy,8
2615_spike.npy,8
2616_spike.npy,8
2617_spike.npy,8
2618_spike.npy,8
2619_spike.npy,8
2620_spike.npy,8
2621_spike.npy,8
2622_spike.npy,8
2623_spike.npy,8
2624_spike.npy,8
2625_spike.npy,8
2626_spike.npy,8
2627_spike.npy,8
2628_spike.npy,8
2629_spike.npy,8
2630_spike.npy,8
2631_spike.npy,8
2632_spike.npy,8
2633_spike.npy,8
2634_spike.npy,8
2635_spike.npy,8
2636_spike.npy,8
2637_spike.npy,8
2638_spike.npy,8
2639_spike.npy,8
2640_spike.npy,8
2641_spike.npy,8
2642_spike.npy,8
2643_spike.npy,8
2644_spike.npy,8
2645_spike.npy,8
2646_spike.npy,8
2647_spike.npy,8
2648_spike.npy,8
2649_spike.npy,8
2650_spike.npy,8
2651_spike.npy,8
2652_spike.npy,8
2653_spike.npy,8
2654_spike.npy,8
2655_spike.npy,8
2656_spike.npy,8
2657_spike.npy,8
2658_spike.npy,8
2659_spike.npy,8
2660_spike.npy,8
2661_spike.npy,8
2662_spike.npy,8
2663_spike.npy,8
2664_spike.npy,8
2665_spike.npy,8
2666_spike.npy,8
2667_spike.npy,8
2668_spike.npy,8
2669_spike.npy,8
2670_spike.npy,8
2671_spike.npy,8
2672_spike.npy,8
2673_spike.npy,8
2674_spike.npy,8
2675_spike.npy,8
2676_spike.npy,8
2677_spike.npy,8
2678_spike.npy,8
2679_spike.npy,8
2680_spike.npy,8
2681_spike.npy,8
2682_spike.npy,8
2683_spike.npy,8
2684_spike.npy,8
2685_spike.npy,8
2686_spike.npy,8
2687_spike.npy,8
2688_spike.npy,8
2689_spike.npy,8
2690_spike.npy,8
2691_spike.npy,8
2692_spike.npy,8
2693_spike.npy,8
2694_spike.npy,8
2695_spike.npy,8
2696_spike.npy,8
2697_spike.npy,8
2698_spike.npy,8
2699_spike.npy,8
2700_spike.npy,9
2701_spike.npy,9
2702_spike.npy,9
2703_spike.npy,9
2704_spike.npy,9
2705_spike.npy,9
2706_spike.npy,9
2707_spike.npy,9
2708_spike.npy,9
2709_spike.npy,9
2710_spike.npy,9
2711_spike.npy,9
2712_spike.npy,9
2713_spike.npy,9
2714_spike.npy,9
2715_spike.npy,9
2716_spike.npy,9
2717_spike.npy,9
2718_spike.npy,9
2719_spike.npy,9
2720_spike.npy,9
2721_spike.npy,9
2722_spike.npy,9
2723_spike.npy,9
2724_spike.npy,9
2725_spike.npy,9
2726_spike.npy,9
2727_spike.npy,9
2728_spike.npy,9
2729_spike.npy,9
2730_spike.npy,9
2731_spike.npy,9
2732_spike.npy,9
2733_spike.npy,9
2734_spike.npy,9
2735_spike.npy,9
2736_spike.npy,9
2737_spike.npy,9
2738_spike.npy,9
2739_spike.npy,9
2740_spike.npy,9
2741_spike.npy,9
2742_spike.npy,9
2743_spike.npy,9
2744_spike.npy,9
2745_spike.npy,9
2746_spike.npy,9
2747_spike.npy,9
2748_spike.npy,9
2749_spike.npy,9
2750_spike.npy,9
2751_spike.npy,9
2752_spike.npy,9
2753_spike.npy,9
2754_spike.npy,9
2755_spike.npy,9
2756_spike.npy,9
2757_spike.npy,9
2758_spike.npy,9
2759_spike.npy,9
2760_spike.npy,9
2761_spike.npy,9
2762_spike.npy,9
2763_spike.npy,9
2764_spike.npy,9
2765_spike.npy,9
2766_spike.npy,9
2767_spike.npy,9
2768_spike.npy,9
2769_spike.npy,9
2770_spike.npy,9
2771_spike.npy,9
2772_spike.npy,9
2773_spike.npy,9
2774_spike.npy,9
2775_spike.npy,9
2776_spike.npy,9
2777_spike.npy,9
2778_spike.npy,9
2779_spike.npy,9
2780_spike.npy,9
2781_spike.npy,9
2782_spike.npy,9
2783_spike.npy,9
2784_spike.npy,9
2785_spike.npy,9
2786_spike.npy,9
2787_spike.npy,9
2788_spike.npy,9
2789_spike.npy,9
2790_spike.npy,9
2791_spike.npy,9
2792_spike.npy,9
2793_spike.npy,9
2794_spike.npy,9
2795_spike.npy,9
2796_spike.npy,9
2797_spike.npy,9
2798_spike.npy,9
2799_spike.npy,9
2800_spike.npy,9
2801_spike.npy,9
2802_spike.npy,9
2803_spike.npy,9
2804_spike.npy,9
2805_spike.npy,9
2806_spike.npy,9
2807_spike.npy,9
2808_spike.npy,9
2809_spike.npy,9
2810_spike.npy,9
2811_spike.npy,9
2812_spike.npy,9
2813_spike.npy,9
2814_spike.npy,9
2815_spike.npy,9
2816_spike.npy,9
2817_spike.npy,9
2818_spike.npy,9
2819_spike.npy,9
2820_spike.npy,9
2821_spike.npy,9
2822_spike.npy,9
2823_spike.npy,9
2824_spike.npy,9
2825_spike.npy,9
2826_spike.npy,9
2827_spike.npy,9
2828_spike.npy,9
2829_spike.npy,9
2830_spike.npy,9
2831_spike.npy,9
2832_spike.npy,9
2833_spike.npy,9
2834_spike.npy,9
2835_spike.npy,9
2836_spike.npy,9
2837_spike.npy,9
2838_spike.npy,9
2839_spike.npy,9
2840_spike.npy,9
2841_spike.npy,9
2842_spike.npy,9
2843_spike.npy,9
2844_spike.npy,9
2845_spike.npy,9
2846_spike.npy,9
2847_spike.npy,9
2848_spike.npy,9
2849_spike.npy,9
2850_spike.npy,9
2851_spike.npy,9
2852_spike.npy,9
2853_spike.npy,9
2854_spike.npy,9
2855_spike.npy,9
2856_spike.npy,9
2857_spike.npy,9
2858_spike.npy,9
2859_spike.npy,9
2860_spike.npy,9
2861_spike.npy,9
2862_spike.npy,9
2863_spike.npy,9
2864_spike.npy,9
2865_spike.npy,9
2866_spike.npy,9
2867_spike.npy,9
2868_spike.npy,9
2869_spike.npy,9
2870_spike.npy,9
2871_spike.npy,9
2872_spike.npy,9
2873_spike.npy,9
2874_spike.npy,9
2875_spike.npy,9
2876_spike.npy,9
2877_spike.npy,9
2878_spike.npy,9
2879_spike.npy,9
2880_spike.npy,9
2881_spike.npy,9
2882_spike.npy,9
2883_spike.npy,9
2884_spike.npy,9
2885_spike.npy,9
2886_spike.npy,9
2887_spike.npy,9
2888_spike.npy,9
2889_spike.npy,9
2890_spike.npy,9
2891_spike.npy,9
2892_spike.npy,9
2893_spike.npy,9
2894_spike.npy,9
2895_spike.npy,9
2896_spike.npy,9
2897_spike.npy,9
2898_spike.npy,9
2899_spike.npy,9
2900_spike.npy,9
2901_spike.npy,9
2902_spike.npy,9
2903_spike.npy,9
2904_spike.npy,9
2905_spike.npy,9
2906_spike.npy,9
2907_spike.npy,9
2908_spike.npy,9
2909_spike.npy,9
2910_spike.npy,9
2911_spike.npy,9
2912_spike.npy,9
2913_spike.npy,9
2914_spike.npy,9
2915_spike.npy,9
2916_spike.npy,9
2917_spike.npy,9
2918_spike.npy,9
2919_spike.npy,9
2920_spike.npy,9
2921_spike.npy,9
2922_spike.npy,9
2923_spike.npy,9
2924_spike.npy,9
2925_spike.npy,9
2926_spike.npy,9
2927_spike.npy,9
2928_spike.npy,9
2929_spike.npy,9
2930_spike.npy,9
2931_spike.npy,9
2932_spike.npy,9
2933_spike.npy,9
2934_spike.npy,9
2935_spike.npy,9
2936_spike.npy,9
2937_spike.npy,9
2938_spike.npy,9
2939_spike.npy,9
2940_spike.npy,9
2941_spike.npy,9
2942_spike.npy,9
2943_spike.npy,9
2944_spike.npy,9
2945_spike.npy,9
2946_spike.npy,9
2947_spike.npy,9
2948_spike.npy,9
2949_spike.npy,9
2950_spike.npy,9
2951_spike.npy,9
2952_spike.npy,9
2953_spike.npy,9
2954_spike.npy,9
2955_spike.npy,9
2956_spike.npy,9
2957_spike.npy,9
2958_spike.npy,9
2959_spike.npy,9
2960_spike.npy,9
2961_spike.npy,9
2962_spike.npy,9
2963_spike.npy,9
2964_spike.npy,9
2965_spike.npy,9
2966_spike.npy,9
2967_spike.npy,9
2968_spike.npy,9
2969_spike.npy,9
2970_spike.npy,9
2971_spike.npy,9
2972_spike.npy,9
2973_spike.npy,9
2974_spike.npy,9
2975_spike.npy,9
2976_spike.npy,9
2977_spike.npy,9
2978_spike.npy,9
2979_spike.npy,9
2980_spike.npy,9
2981_spike.npy,9
2982_spike.npy,9
2983_spike.npy,9
2984_spike.npy,9
2985_spike.npy,9
2986_spike.npy,9
2987_spike.npy,9
2988_spike.npy,9
2989_spike.npy,9
2990_spike.npy,9
2991_spike.npy,9
2992_spike.npy,9
2993_spike.npy,9
2994_spike.npy,9
2995_spike.npy,9
2996_spike.npy,9
2997_spike.npy,9
2998_spike.npy,9
2999_spike.npy,9
